{
	"info": {
		"_postman_id": "00ae7e33-dfe5-4956-b797-79825f20711f",
		"name": "REST API BRAWIJAYA UNIVERSITY CANTEEN",
		"schema": "https://schema.getpostman.com/json/collection/v2.1.0/collection.json",
		"_exporter_id": "44737295"
	},
	"item": [
		{
			"name": "Register",
			"request": {
				"method": "POST",
				"header": [],
				"body": {
					"mode": "raw",
					"raw": "{\r\n    \"email\": \"UB@gmail.com\",\r\n    \"name\": \"Yube\",\r\n    \"password\": \"YUBEYU\"\r\n}",
					"options": {
						"raw": {
							"language": "json"
						}
					}
				},
				"url": {
					"raw": "http://localhost:3000/api/users/register",
					"protocol": "http",
					"host": [
						"localhost"
					],
					"port": "3000",
					"path": [
						"api",
						"users",
						"register"
					]
				}
			},
			"response": []
		},
		{
			"name": "Login",
			"request": {
				"method": "POST",
				"header": [],
				"body": {
					"mode": "raw",
					"raw": "{\r\n    \"email\": \"UB@gmail.com\",\r\n    \"password\": \"YUBEYU\"\r\n}",
					"options": {
						"raw": {
							"language": "json"
						}
					}
				},
				"url": {
					"raw": "http://localhost:3000/api/users/login",
					"protocol": "http",
					"host": [
						"localhost"
					],
					"port": "3000",
					"path": [
						"api",
						"users",
						"login"
					]
				}
			},
			"response": []
		},
		{
			"name": "Get All Canteens",
			"protocolProfileBehavior": {
				"disableBodyPruning": true
			},
			"request": {
				"auth": {
					"type": "bearer",
					"bearer": [
						{
							"key": "token",
							"value": "eyJhbGciOiJIUzI1NiIsInR5cCI6IkpXVCJ9.eyJpZCI6NywibmFtZSI6ImFiaWwiLCJlbWFpbCI6ImFiaWxAZ21haWwuY29tIiwiaWF0IjoxNzUwNTQ4NDU3LCJleHAiOjE3NTA2MzQ4NTd9.OdUkOWQhhSr8l_k6PGEvp-_qnawPbU5BMcpb2fuc1sk",
							"type": "string"
						}
					]
				},
				"method": "GET",
				"header": [],
				"body": {
					"mode": "raw",
					"raw": "{\r\n    \"email\": \"UB@gmail.com\",\r\n    \"password\": \"YUBEYU\"\r\n}"
				},
				"url": {
					"raw": "http://localhost:3000/api/canteens/",
					"protocol": "http",
					"host": [
						"localhost"
					],
					"port": "3000",
					"path": [
						"api",
						"canteens",
						""
					]
				}
			},
			"response": []
		},
		{
			"name": "Get Canteen by ID",
			"request": {
				"auth": {
					"type": "bearer",
					"bearer": [
						{
							"key": "token",
							"value": "eyJhbGciOiJIUzI1NiIsInR5cCI6IkpXVCJ9.eyJpZCI6NywibmFtZSI6ImFiaWwiLCJlbWFpbCI6ImFiaWxAZ21haWwuY29tIiwiaWF0IjoxNzUwNTQ4NDU3LCJleHAiOjE3NTA2MzQ4NTd9.OdUkOWQhhSr8l_k6PGEvp-_qnawPbU5BMcpb2fuc1sk",
							"type": "string"
						}
					]
				},
				"method": "GET",
				"header": [],
				"url": {
					"raw": "http://localhost:3000/api/canteens/10",
					"protocol": "http",
					"host": [
						"localhost"
					],
					"port": "3000",
					"path": [
						"api",
						"canteens",
						"10"
					]
				}
			},
			"response": []
		},
		{
			"name": "Get User Favorites",
			"request": {
				"auth": {
					"type": "bearer",
					"bearer": [
						{
							"key": "token",
							"value": "eyJhbGciOiJIUzI1NiIsInR5cCI6IkpXVCJ9.eyJpZCI6NywibmFtZSI6ImFiaWwiLCJlbWFpbCI6ImFiaWxAZ21haWwuY29tIiwiaWF0IjoxNzUwNTUwMDYwLCJleHAiOjE3NTA2MzY0NjB9.umlfNqSXEXyVNHwpVKY2vHXcKcuArrxkKuwv15V643Q",
							"type": "string"
						}
					]
				},
				"method": "GET",
				"header": [],
				"url": {
					"raw": "http://localhost:3000/api/favorites/",
					"protocol": "http",
					"host": [
						"localhost"
					],
					"port": "3000",
					"path": [
						"api",
						"favorites",
						""
					]
				}
			},
			"response": []
		},
		{
			"name": "Add Favorite",
			"request": {
				"auth": {
					"type": "bearer",
					"bearer": [
						{
							"key": "token",
							"value": "eyJhbGciOiJIUzI1NiIsInR5cCI6IkpXVCJ9.eyJpZCI6NywibmFtZSI6ImFiaWwiLCJlbWFpbCI6ImFiaWxAZ21haWwuY29tIiwiaWF0IjoxNzUwNTUwMDYwLCJleHAiOjE3NTA2MzY0NjB9.umlfNqSXEXyVNHwpVKY2vHXcKcuArrxkKuwv15V643Q",
							"type": "string"
						}
					]
				},
				"method": "POST",
				"header": [],
				"body": {
					"mode": "raw",
					"raw": "{\r\n    \"canteenId\": 7\r\n}",
					"options": {
						"raw": {
							"language": "json"
						}
					}
				},
				"url": {
					"raw": "http://localhost:3000/api/favorites/",
					"protocol": "http",
					"host": [
						"localhost"
					],
					"port": "3000",
					"path": [
						"api",
						"favorites",
						""
					]
				}
			},
			"response": []
		},
		{
			"name": "Remove Favorite",
			"request": {
				"auth": {
					"type": "bearer",
					"bearer": [
						{
							"key": "token",
							"value": "eyJhbGciOiJIUzI1NiIsInR5cCI6IkpXVCJ9.eyJpZCI6NywibmFtZSI6ImFiaWwiLCJlbWFpbCI6ImFiaWxAZ21haWwuY29tIiwiaWF0IjoxNzUwNTUwMDYwLCJleHAiOjE3NTA2MzY0NjB9.umlfNqSXEXyVNHwpVKY2vHXcKcuArrxkKuwv15V643Q",
							"type": "string"
						}
					]
				},
				"method": "DELETE",
				"header": [],
				"body": {
					"mode": "raw",
					"raw": "",
					"options": {
						"raw": {
							"language": "json"
						}
					}
				},
				"url": {
					"raw": "http://localhost:3000/api/favorites/10",
					"protocol": "http",
					"host": [
						"localhost"
					],
					"port": "3000",
					"path": [
						"api",
						"favorites",
						"10"
					]
				}
			},
			"response": []
		},
		{
			"name": "Get User Comments",
			"request": {
				"auth": {
					"type": "bearer",
					"bearer": [
						{
							"key": "token",
							"value": "eyJhbGciOiJIUzI1NiIsInR5cCI6IkpXVCJ9.eyJpZCI6NywibmFtZSI6ImFiaWwiLCJlbWFpbCI6ImFiaWxAZ21haWwuY29tIiwiaWF0IjoxNzUwNTUxMDM0LCJleHAiOjE3NTA2Mzc0MzR9.WfCupDyIHxmiXxDC2tZ7PwP0U4Xq3dG092IPLNVykq0",
							"type": "string"
						}
					]
				},
				"method": "GET",
				"header": [],
				"url": {
					"raw": "http://localhost:3000/api/comments/user/",
					"protocol": "http",
					"host": [
						"localhost"
					],
					"port": "3000",
					"path": [
						"api",
						"comments",
						"user",
						""
					]
				}
			},
			"response": []
		},
		{
			"name": "Get Canteen Comments",
			"request": {
				"auth": {
					"type": "bearer",
					"bearer": [
						{
							"key": "token",
							"value": "eyJhbGciOiJIUzI1NiIsInR5cCI6IkpXVCJ9.eyJpZCI6NywibmFtZSI6ImFiaWwiLCJlbWFpbCI6ImFiaWxAZ21haWwuY29tIiwiaWF0IjoxNzUwNTUxMDM0LCJleHAiOjE3NTA2Mzc0MzR9.WfCupDyIHxmiXxDC2tZ7PwP0U4Xq3dG092IPLNVykq0",
							"type": "string"
						}
					]
				},
				"method": "GET",
				"header": [],
				"url": {
					"raw": "http://localhost:3000/api/comments/canteen/9",
					"protocol": "http",
					"host": [
						"localhost"
					],
					"port": "3000",
					"path": [
						"api",
						"comments",
						"canteen",
						"9"
					]
				}
			},
			"response": []
		},
		{
			"name": "Add Comment",
			"request": {
				"auth": {
					"type": "bearer",
					"bearer": [
						{
							"key": "token",
							"value": "eyJhbGciOiJIUzI1NiIsInR5cCI6IkpXVCJ9.eyJpZCI6NywibmFtZSI6ImFiaWwiLCJlbWFpbCI6ImFiaWxAZ21haWwuY29tIiwiaWF0IjoxNzUwNTUxMDM0LCJleHAiOjE3NTA2Mzc0MzR9.WfCupDyIHxmiXxDC2tZ7PwP0U4Xq3dG092IPLNVykq0",
							"type": "string"
						}
					]
				},
				"method": "POST",
				"header": [],
				"body": {
					"mode": "raw",
					"raw": "{\r\n    \"canteenId\": 9,\r\n    \"comment\": \"wenak\"  \r\n}",
					"options": {
						"raw": {
							"language": "json"
						}
					}
				},
				"url": {
					"raw": "http://localhost:3000/api/comments",
					"protocol": "http",
					"host": [
						"localhost"
					],
					"port": "3000",
					"path": [
						"api",
						"comments"
					]
				}
			},
			"response": []
		},
		{
			"name": "Remove Comment",
			"request": {
				"auth": {
					"type": "bearer",
					"bearer": [
						{
							"key": "token",
							"value": "eyJhbGciOiJIUzI1NiIsInR5cCI6IkpXVCJ9.eyJpZCI6NywibmFtZSI6ImFiaWwiLCJlbWFpbCI6ImFiaWxAZ21haWwuY29tIiwiaWF0IjoxNzUwNTUxMDM0LCJleHAiOjE3NTA2Mzc0MzR9.WfCupDyIHxmiXxDC2tZ7PwP0U4Xq3dG092IPLNVykq0",
							"type": "string"
						}
					]
				},
				"method": "DELETE",
				"header": [],
				"url": {
					"raw": "http://localhost:3000/api/comments/2",
					"protocol": "http",
					"host": [
						"localhost"
					],
					"port": "3000",
					"path": [
						"api",
						"comments",
						"2"
					]
				}
			},
			"response": []
		}
	]
}